route_id,start_location,end_location,intermediate_stops,route_distance_km,estimated_duration_hr,actual_duration_hr,day_of_week,time_of_day,delivery_window_start,delivery_window_end
R001,"46.94809,7.44744","46.9478,7.4490","46.94797,7.44461;46.9475,7.4512",12.5,0.45,0.5,Monday,morning,08:00,10:00
R002,"46.94809,7.44744","46.9490,7.4502","46.9483,7.4514;46.9490,7.4502",8.3,0.3,0.35,Tuesday,afternoon,13:00,15:00
R003,"46.94809,7.44744","46.9488,7.4532","46.9488,7.4532;46.9486,7.4491",10.1,0.4,0.4,Wednesday,morning,09:00,11:00
R004,"46.94809,7.44744","46.9485,7.4469","46.9485,7.4469;46.9490,7.4481",11.0,0.42,0.47,Thursday,afternoon,14:00,16:00
R005,"46.94809,7.44744","46.94809,7.44744","46.9478,7.4490;46.9482,7.4500",9.5,0.35,0.36,Friday,morning,07:00,09:00
