order_id,customer_id,pickup_location,delivery_location,pickup_time,delivery_deadline,status
O001,C001,"46.94797,7.44461","46.94809,7.44744",08:30,10:00,pending
O002,C002,"46.9483,7.4514","46.9488,7.4532",13:15,15:00,in-transit
O003,C003,"46.9488,7.4532","46.94797,7.44461",07:30,09:00,completed
O004,C004,"46.9485,7.4469","46.94809,7.44744",14:30,16:00,pending
O005,C005,"46.94809,7.44744","46.9483,7.4514",09:00,11:00,in-transit
